rate_date,currency,exchange_rate_to_inr
2025-08-11,USD,90.69
2025-08-11,GBP,121.01
2025-08-11,INR,1.0
2025-08-11,EUR,104.1
2025-08-11,CAD,63.03
2025-08-11,AUD,57.97
2025-08-12,USD,90.03
2025-08-12,GBP,117.3
2025-08-12,INR,1.0
2025-08-12,EUR,101.9
2025-08-12,CAD,64.51
2025-08-12,AUD,57.38
2025-08-13,USD,91.36
2025-08-13,GBP,117.95
2025-08-13,INR,1.0
2025-08-13,EUR,101.63
2025-08-13,CAD,62.87
2025-08-13,AUD,57.99
2025-08-14,USD,90.61
2025-08-14,GBP,117.71
2025-08-14,INR,1.0
2025-08-14,EUR,104.34
2025-08-14,CAD,63.44
2025-08-14,AUD,58.08
2025-08-15,USD,89.9
2025-08-15,GBP,118.09
2025-08-15,INR,1.0
2025-08-15,EUR,104.26
2025-08-15,CAD,62.97
2025-08-15,AUD,58.57
2025-08-16,USD,89.22
2025-08-16,GBP,121.22
2025-08-16,INR,1.0
2025-08-16,EUR,102.76
2025-08-16,CAD,64.16
2025-08-16,AUD,57.29
2025-08-17,USD,89.58
2025-08-17,GBP,118.84
2025-08-17,INR,1.0
2025-08-17,EUR,101.28
2025-08-17,CAD,63.32
2025-08-17,AUD,57.19
2025-08-18,USD,90.84
2025-08-18,GBP,120.94
2025-08-18,INR,1.0
2025-08-18,EUR,101.71
2025-08-18,CAD,64.13
2025-08-18,AUD,58.06
2025-08-19,USD,91.85
2025-08-19,GBP,120.39
2025-08-19,INR,1.0
2025-08-19,EUR,102.44
2025-08-19,CAD,64.75
2025-08-19,AUD,58.12
2025-08-20,USD,90.05
2025-08-20,GBP,117.71
2025-08-20,INR,1.0
2025-08-20,EUR,104.54
2025-08-20,CAD,64.46
2025-08-20,AUD,58.81
2025-08-21,USD,89.25
2025-08-21,GBP,118.95
2025-08-21,INR,1.0
2025-08-21,EUR,101.56
2025-08-21,CAD,64.51
2025-08-21,AUD,57.11
2025-08-22,USD,92.73
2025-08-22,GBP,119.43
2025-08-22,INR,1.0
2025-08-22,EUR,103.86
2025-08-22,CAD,64.4
2025-08-22,AUD,57.69
2025-08-23,USD,91.43
2025-08-23,GBP,120.46
2025-08-23,INR,1.0
2025-08-23,EUR,101.08
2025-08-23,CAD,64.01
2025-08-23,AUD,56.92
2025-08-24,USD,91.31
2025-08-24,GBP,121.28
2025-08-24,INR,1.0
2025-08-24,EUR,104.28
2025-08-24,CAD,64.8
2025-08-24,AUD,58.79
2025-08-25,USD,92.62
2025-08-25,GBP,119.83
2025-08-25,INR,1.0
2025-08-25,EUR,103.36
2025-08-25,CAD,63.07
2025-08-25,AUD,58.89
2025-08-26,USD,90.49
2025-08-26,GBP,116.72
2025-08-26,INR,1.0
2025-08-26,EUR,104.52
2025-08-26,CAD,63.21
2025-08-26,AUD,57.35
2025-08-27,USD,92.71
2025-08-27,GBP,117.03
2025-08-27,INR,1.0
2025-08-27,EUR,103.32
2025-08-27,CAD,63.99
2025-08-27,AUD,58.96
2025-08-28,USD,91.62
2025-08-28,GBP,120.78
2025-08-28,INR,1.0
2025-08-28,EUR,101.41
2025-08-28,CAD,64.78
2025-08-28,AUD,56.89
2025-08-29,USD,90.07
2025-08-29,GBP,119.64
2025-08-29,INR,1.0
2025-08-29,EUR,101.88
2025-08-29,CAD,63.14
2025-08-29,AUD,59.12
2025-08-30,USD,91.54
2025-08-30,GBP,120.89
2025-08-30,INR,1.0
2025-08-30,EUR,101.67
2025-08-30,CAD,64.94
2025-08-30,AUD,58.16
2025-08-31,USD,90.26
2025-08-31,GBP,117.9
2025-08-31,INR,1.0
2025-08-31,EUR,103.02
2025-08-31,CAD,64.58
2025-08-31,AUD,58.06
2025-09-01,USD,91.28
2025-09-01,GBP,118.19
2025-09-01,INR,1.0
2025-09-01,EUR,104.35
2025-09-01,CAD,63.56
2025-09-01,AUD,58.6
2025-09-02,USD,92.57
2025-09-02,GBP,120.12
2025-09-02,INR,1.0
2025-09-02,EUR,103.35
2025-09-02,CAD,64.03
2025-09-02,AUD,57.35
2025-09-03,USD,91.63
2025-09-03,GBP,120.09
2025-09-03,INR,1.0
2025-09-03,EUR,103.25
2025-09-03,CAD,65.07
2025-09-03,AUD,59.07
2025-09-04,USD,92.08
2025-09-04,GBP,118.37
2025-09-04,INR,1.0
2025-09-04,EUR,101.06
2025-09-04,CAD,64.43
2025-09-04,AUD,57.28
2025-09-05,USD,91.92
2025-09-05,GBP,118.91
2025-09-05,INR,1.0
2025-09-05,EUR,104.63
2025-09-05,CAD,62.81
2025-09-05,AUD,58.79
2025-09-06,USD,90.38
2025-09-06,GBP,117.62
2025-09-06,INR,1.0
2025-09-06,EUR,103.57
2025-09-06,CAD,65.11
2025-09-06,AUD,57.22
2025-09-07,USD,92.48
2025-09-07,GBP,119.57
2025-09-07,INR,1.0
2025-09-07,EUR,101.29
2025-09-07,CAD,64.03
2025-09-07,AUD,58.52
2025-09-08,USD,91.17
2025-09-08,GBP,120.93
2025-09-08,INR,1.0
2025-09-08,EUR,104.59
2025-09-08,CAD,64.49
2025-09-08,AUD,58.96
2025-09-09,USD,91.01
2025-09-09,GBP,117.11
2025-09-09,INR,1.0
2025-09-09,EUR,104.65
2025-09-09,CAD,63.02
2025-09-09,AUD,58.44
2025-09-10,USD,92.48
2025-09-10,GBP,119.71
2025-09-10,INR,1.0
2025-09-10,EUR,103.98
2025-09-10,CAD,63.39
2025-09-10,AUD,58.37
2025-09-11,USD,91.94
2025-09-11,GBP,118.03
2025-09-11,INR,1.0
2025-09-11,EUR,105.0
2025-09-11,CAD,64.94
2025-09-11,AUD,57.99
2025-09-12,USD,91.24
2025-09-12,GBP,118.37
2025-09-12,INR,1.0
2025-09-12,EUR,101.98
2025-09-12,CAD,62.98
2025-09-12,AUD,57.34
2025-09-13,USD,89.24
2025-09-13,GBP,119.08
2025-09-13,INR,1.0
2025-09-13,EUR,101.15
2025-09-13,CAD,63.31
2025-09-13,AUD,57.87
2025-09-14,USD,91.2
2025-09-14,GBP,116.96
2025-09-14,INR,1.0
2025-09-14,EUR,102.19
2025-09-14,CAD,63.54
2025-09-14,AUD,56.85
2025-09-15,USD,91.54
2025-09-15,GBP,121.25
2025-09-15,INR,1.0
2025-09-15,EUR,103.94
2025-09-15,CAD,65.12
2025-09-15,AUD,58.55
2025-09-16,USD,90.62
2025-09-16,GBP,118.61
2025-09-16,INR,1.0
2025-09-16,EUR,102.34
2025-09-16,CAD,62.96
2025-09-16,AUD,58.11
2025-09-17,USD,90.14
2025-09-17,GBP,118.89
2025-09-17,INR,1.0
2025-09-17,EUR,104.47
2025-09-17,CAD,64.05
2025-09-17,AUD,58.83
2025-09-18,USD,92.27
2025-09-18,GBP,117.52
2025-09-18,INR,1.0
2025-09-18,EUR,103.03
2025-09-18,CAD,64.65
2025-09-18,AUD,59.04
2025-09-19,USD,91.93
2025-09-19,GBP,116.86
2025-09-19,INR,1.0
2025-09-19,EUR,104.43
2025-09-19,CAD,63.64
2025-09-19,AUD,57.54
2025-09-20,USD,91.6
2025-09-20,GBP,119.27
2025-09-20,INR,1.0
2025-09-20,EUR,101.32
2025-09-20,CAD,63.29
2025-09-20,AUD,58.9
2025-09-21,USD,89.84
2025-09-21,GBP,119.66
2025-09-21,INR,1.0
2025-09-21,EUR,101.63
2025-09-21,CAD,63.18
2025-09-21,AUD,58.48
2025-09-22,USD,89.37
2025-09-22,GBP,118.09
2025-09-22,INR,1.0
2025-09-22,EUR,101.28
2025-09-22,CAD,64.98
2025-09-22,AUD,58.07
2025-09-23,USD,90.17
2025-09-23,GBP,117.71
2025-09-23,INR,1.0
2025-09-23,EUR,102.17
2025-09-23,CAD,64.23
2025-09-23,AUD,57.14
2025-09-24,USD,91.26
2025-09-24,GBP,120.2
2025-09-24,INR,1.0
2025-09-24,EUR,104.7
2025-09-24,CAD,63.87
2025-09-24,AUD,57.83
2025-09-25,USD,91.35
2025-09-25,GBP,118.17
2025-09-25,INR,1.0
2025-09-25,EUR,104.68
2025-09-25,CAD,64.95
2025-09-25,AUD,56.91
2025-09-26,USD,89.98
2025-09-26,GBP,118.85
2025-09-26,INR,1.0
2025-09-26,EUR,102.28
2025-09-26,CAD,64.48
2025-09-26,AUD,58.2
2025-09-27,USD,90.67
2025-09-27,GBP,117.96
2025-09-27,INR,1.0
2025-09-27,EUR,103.81
2025-09-27,CAD,64.09
2025-09-27,AUD,58.77
2025-09-28,USD,91.7
2025-09-28,GBP,119.49
2025-09-28,INR,1.0
2025-09-28,EUR,104.92
2025-09-28,CAD,64.65
2025-09-28,AUD,57.89
2025-09-29,USD,92.68
2025-09-29,GBP,117.75
2025-09-29,INR,1.0
2025-09-29,EUR,104.63
2025-09-29,CAD,63.19
2025-09-29,AUD,57.32
2025-09-30,USD,89.84
2025-09-30,GBP,120.52
2025-09-30,INR,1.0
2025-09-30,EUR,104.01
2025-09-30,CAD,65.15
2025-09-30,AUD,59.11
2025-10-01,USD,91.95
2025-10-01,GBP,119.41
2025-10-01,INR,1.0
2025-10-01,EUR,101.03
2025-10-01,CAD,63.4
2025-10-01,AUD,58.52
2025-10-02,USD,90.81
2025-10-02,GBP,118.87
2025-10-02,INR,1.0
2025-10-02,EUR,101.77
2025-10-02,CAD,63.95
2025-10-02,AUD,57.82
2025-10-03,USD,90.35
2025-10-03,GBP,117.98
2025-10-03,INR,1.0
2025-10-03,EUR,101.94
2025-10-03,CAD,64.75
2025-10-03,AUD,58.67
2025-10-04,USD,92.23
2025-10-04,GBP,117.26
2025-10-04,INR,1.0
2025-10-04,EUR,104.15
2025-10-04,CAD,62.8
2025-10-04,AUD,57.2
2025-10-05,USD,92.48
2025-10-05,GBP,118.09
2025-10-05,INR,1.0
2025-10-05,EUR,102.47
2025-10-05,CAD,62.76
2025-10-05,AUD,59.08
2025-10-06,USD,92.23
2025-10-06,GBP,117.62
2025-10-06,INR,1.0
2025-10-06,EUR,101.94
2025-10-06,CAD,64.81
2025-10-06,AUD,58.3
2025-10-07,USD,90.88
2025-10-07,GBP,120.12
2025-10-07,INR,1.0
2025-10-07,EUR,103.77
2025-10-07,CAD,63.85
2025-10-07,AUD,57.27
2025-10-08,USD,89.98
2025-10-08,GBP,116.83
2025-10-08,INR,1.0
2025-10-08,EUR,104.24
2025-10-08,CAD,63.58
2025-10-08,AUD,56.99
2025-10-09,USD,90.82
2025-10-09,GBP,118.85
2025-10-09,INR,1.0
2025-10-09,EUR,101.78
2025-10-09,CAD,63.64
2025-10-09,AUD,58.87
2025-10-10,USD,91.39
2025-10-10,GBP,119.38
2025-10-10,INR,1.0
2025-10-10,EUR,102.32
2025-10-10,CAD,64.12
2025-10-10,AUD,57.63
2025-10-11,USD,92.54
2025-10-11,GBP,117.54
2025-10-11,INR,1.0
2025-10-11,EUR,103.87
2025-10-11,CAD,63.08
2025-10-11,AUD,57.65
2025-10-12,USD,91.09
2025-10-12,GBP,120.23
2025-10-12,INR,1.0
2025-10-12,EUR,104.99
2025-10-12,CAD,65.16
2025-10-12,AUD,57.43
2025-10-13,USD,89.65
2025-10-13,GBP,119.08
2025-10-13,INR,1.0
2025-10-13,EUR,103.51
2025-10-13,CAD,65.12
2025-10-13,AUD,57.6
2025-10-14,USD,89.59
2025-10-14,GBP,117.47
2025-10-14,INR,1.0
2025-10-14,EUR,101.86
2025-10-14,CAD,64.58
2025-10-14,AUD,58.37
2025-10-15,USD,92.04
2025-10-15,GBP,120.47
2025-10-15,INR,1.0
2025-10-15,EUR,101.24
2025-10-15,CAD,64.87
2025-10-15,AUD,57.91
2025-10-16,USD,92.58
2025-10-16,GBP,119.15
2025-10-16,INR,1.0
2025-10-16,EUR,104.52
2025-10-16,CAD,65.1
2025-10-16,AUD,58.43
2025-10-17,USD,91.74
2025-10-17,GBP,117.35
2025-10-17,INR,1.0
2025-10-17,EUR,102.2
2025-10-17,CAD,64.74
2025-10-17,AUD,57.54
2025-10-18,USD,92.64
2025-10-18,GBP,119.47
2025-10-18,INR,1.0
2025-10-18,EUR,101.25
2025-10-18,CAD,64.19
2025-10-18,AUD,59.09
2025-10-19,USD,89.38
2025-10-19,GBP,120.7
2025-10-19,INR,1.0
2025-10-19,EUR,101.05
2025-10-19,CAD,64.72
2025-10-19,AUD,58.96
2025-10-20,USD,92.58
2025-10-20,GBP,117.34
2025-10-20,INR,1.0
2025-10-20,EUR,103.03
2025-10-20,CAD,64.8
2025-10-20,AUD,57.91
2025-10-21,USD,90.53
2025-10-21,GBP,119.12
2025-10-21,INR,1.0
2025-10-21,EUR,102.56
2025-10-21,CAD,65.13
2025-10-21,AUD,57.55
2025-10-22,USD,92.68
2025-10-22,GBP,116.7
2025-10-22,INR,1.0
2025-10-22,EUR,103.61
2025-10-22,CAD,63.18
2025-10-22,AUD,57.87
2025-10-23,USD,90.25
2025-10-23,GBP,120.36
2025-10-23,INR,1.0
2025-10-23,EUR,102.25
2025-10-23,CAD,63.71
2025-10-23,AUD,57.03
2025-10-24,USD,91.01
2025-10-24,GBP,120.28
2025-10-24,INR,1.0
2025-10-24,EUR,101.02
2025-10-24,CAD,65.19
2025-10-24,AUD,58.97
2025-10-25,USD,92.17
2025-10-25,GBP,116.9
2025-10-25,INR,1.0
2025-10-25,EUR,104.23
2025-10-25,CAD,64.76
2025-10-25,AUD,57.21
2025-10-26,USD,90.02
2025-10-26,GBP,118.37
2025-10-26,INR,1.0
2025-10-26,EUR,104.26
2025-10-26,CAD,64.69
2025-10-26,AUD,59.08
2025-10-27,USD,91.39
2025-10-27,GBP,117.4
2025-10-27,INR,1.0
2025-10-27,EUR,101.47
2025-10-27,CAD,63.94
2025-10-27,AUD,57.49
2025-10-28,USD,91.84
2025-10-28,GBP,121.26
2025-10-28,INR,1.0
2025-10-28,EUR,102.26
2025-10-28,CAD,62.83
2025-10-28,AUD,58.79
2025-10-29,USD,91.21
2025-10-29,GBP,118.74
2025-10-29,INR,1.0
2025-10-29,EUR,102.26
2025-10-29,CAD,63.77
2025-10-29,AUD,57.34
2025-10-30,USD,89.54
2025-10-30,GBP,119.87
2025-10-30,INR,1.0
2025-10-30,EUR,103.34
2025-10-30,CAD,63.02
2025-10-30,AUD,58.02
2025-10-31,USD,91.07
2025-10-31,GBP,118.62
2025-10-31,INR,1.0
2025-10-31,EUR,104.48
2025-10-31,CAD,63.52
2025-10-31,AUD,58.03
2025-11-01,USD,89.39
2025-11-01,GBP,120.86
2025-11-01,INR,1.0
2025-11-01,EUR,104.3
2025-11-01,CAD,63.84
2025-11-01,AUD,58.19
2025-11-02,USD,92.46
2025-11-02,GBP,118.34
2025-11-02,INR,1.0
2025-11-02,EUR,102.13
2025-11-02,CAD,63.22
2025-11-02,AUD,58.76
2025-11-03,USD,91.68
2025-11-03,GBP,120.11
2025-11-03,INR,1.0
2025-11-03,EUR,103.77
2025-11-03,CAD,63.69
2025-11-03,AUD,58.38
2025-11-04,USD,90.69
2025-11-04,GBP,120.48
2025-11-04,INR,1.0
2025-11-04,EUR,103.44
2025-11-04,CAD,63.16
2025-11-04,AUD,57.97
2025-11-05,USD,90.33
2025-11-05,GBP,120.74
2025-11-05,INR,1.0
2025-11-05,EUR,103.9
2025-11-05,CAD,65.22
2025-11-05,AUD,57.12
2025-11-06,USD,91.01
2025-11-06,GBP,119.59
2025-11-06,INR,1.0
2025-11-06,EUR,104.85
2025-11-06,CAD,64.92
2025-11-06,AUD,57.44
2025-11-07,USD,89.2
2025-11-07,GBP,119.98
2025-11-07,INR,1.0
2025-11-07,EUR,103.09
2025-11-07,CAD,63.91
2025-11-07,AUD,57.82
2025-11-08,USD,90.97
2025-11-08,GBP,120.95
2025-11-08,INR,1.0
2025-11-08,EUR,101.57
2025-11-08,CAD,63.9
2025-11-08,AUD,57.17
2025-11-09,USD,91.5
2025-11-09,GBP,118.07
2025-11-09,INR,1.0
2025-11-09,EUR,102.21
2025-11-09,CAD,63.73
2025-11-09,AUD,57.7
2025-11-10,USD,92.45
2025-11-10,GBP,117.14
2025-11-10,INR,1.0
2025-11-10,EUR,102.94
2025-11-10,CAD,63.83
2025-11-10,AUD,58.46
2025-11-11,USD,89.37
2025-11-11,GBP,120.26
2025-11-11,INR,1.0
2025-11-11,EUR,104.29
2025-11-11,CAD,63.21
2025-11-11,AUD,57.43
2025-11-12,USD,91.11
2025-11-12,GBP,119.68
2025-11-12,INR,1.0
2025-11-12,EUR,101.88
2025-11-12,CAD,63.71
2025-11-12,AUD,57.6
2025-11-13,USD,91.96
2025-11-13,GBP,117.01
2025-11-13,INR,1.0
2025-11-13,EUR,103.06
2025-11-13,CAD,63.54
2025-11-13,AUD,58.39
2025-11-14,USD,90.39
2025-11-14,GBP,117.87
2025-11-14,INR,1.0
2025-11-14,EUR,101.59
2025-11-14,CAD,64.03
2025-11-14,AUD,59.15
2025-11-15,USD,90.3
2025-11-15,GBP,120.77
2025-11-15,INR,1.0
2025-11-15,EUR,102.85
2025-11-15,CAD,64.94
2025-11-15,AUD,58.41
2025-11-16,USD,92.63
2025-11-16,GBP,119.13
2025-11-16,INR,1.0
2025-11-16,EUR,102.45
2025-11-16,CAD,65.1
2025-11-16,AUD,57.75
2025-11-17,USD,89.41
2025-11-17,GBP,121.24
2025-11-17,INR,1.0
2025-11-17,EUR,102.84
2025-11-17,CAD,63.9
2025-11-17,AUD,57.36
2025-11-18,USD,92.59
2025-11-18,GBP,119.63
2025-11-18,INR,1.0
2025-11-18,EUR,103.0
2025-11-18,CAD,64.6
2025-11-18,AUD,59.12
2025-11-19,USD,92.39
2025-11-19,GBP,119.73
2025-11-19,INR,1.0
2025-11-19,EUR,104.33
2025-11-19,CAD,63.99
2025-11-19,AUD,58.25
2025-11-20,USD,90.08
2025-11-20,GBP,118.22
2025-11-20,INR,1.0
2025-11-20,EUR,101.84
2025-11-20,CAD,63.26
2025-11-20,AUD,59.0
2025-11-21,USD,90.66
2025-11-21,GBP,119.93
2025-11-21,INR,1.0
2025-11-21,EUR,102.49
2025-11-21,CAD,64.06
2025-11-21,AUD,57.87
2025-11-22,USD,91.57
2025-11-22,GBP,116.9
2025-11-22,INR,1.0
2025-11-22,EUR,101.76
2025-11-22,CAD,63.64
2025-11-22,AUD,58.86
2025-11-23,USD,92.41
2025-11-23,GBP,117.09
2025-11-23,INR,1.0
2025-11-23,EUR,104.88
2025-11-23,CAD,63.02
2025-11-23,AUD,57.06
2025-11-24,USD,91.32
2025-11-24,GBP,117.89
2025-11-24,INR,1.0
2025-11-24,EUR,102.05
2025-11-24,CAD,63.02
2025-11-24,AUD,57.95
2025-11-25,USD,92.46
2025-11-25,GBP,116.98
2025-11-25,INR,1.0
2025-11-25,EUR,102.27
2025-11-25,CAD,64.65
2025-11-25,AUD,58.35
2025-11-26,USD,92.04
2025-11-26,GBP,120.43
2025-11-26,INR,1.0
2025-11-26,EUR,103.72
2025-11-26,CAD,63.48
2025-11-26,AUD,57.55
2025-11-27,USD,89.73
2025-11-27,GBP,117.71
2025-11-27,INR,1.0
2025-11-27,EUR,101.01
2025-11-27,CAD,63.95
2025-11-27,AUD,57.99
2025-11-28,USD,90.49
2025-11-28,GBP,116.83
2025-11-28,INR,1.0
2025-11-28,EUR,103.06
2025-11-28,CAD,64.65
2025-11-28,AUD,59.11
2025-11-29,USD,91.81
2025-11-29,GBP,120.79
2025-11-29,INR,1.0
2025-11-29,EUR,104.38
2025-11-29,CAD,64.73
2025-11-29,AUD,56.98
2025-11-30,USD,91.08
2025-11-30,GBP,119.43
2025-11-30,INR,1.0
2025-11-30,EUR,104.49
2025-11-30,CAD,63.33
2025-11-30,AUD,57.4
2025-12-01,USD,90.97
2025-12-01,GBP,117.81
2025-12-01,INR,1.0
2025-12-01,EUR,102.98
2025-12-01,CAD,62.97
2025-12-01,AUD,58.59
2025-12-02,USD,89.69
2025-12-02,GBP,118.92
2025-12-02,INR,1.0
2025-12-02,EUR,104.32
2025-12-02,CAD,64.75
2025-12-02,AUD,58.23
2025-12-03,USD,89.76
2025-12-03,GBP,120.53
2025-12-03,INR,1.0
2025-12-03,EUR,103.06
2025-12-03,CAD,63.62
2025-12-03,AUD,57.97
2025-12-04,USD,90.63
2025-12-04,GBP,120.47
2025-12-04,INR,1.0
2025-12-04,EUR,104.68
2025-12-04,CAD,63.04
2025-12-04,AUD,57.48
2025-12-05,USD,89.75
2025-12-05,GBP,116.86
2025-12-05,INR,1.0
2025-12-05,EUR,102.49
2025-12-05,CAD,64.5
2025-12-05,AUD,58.23
2025-12-06,USD,89.18
2025-12-06,GBP,118.36
2025-12-06,INR,1.0
2025-12-06,EUR,102.98
2025-12-06,CAD,64.4
2025-12-06,AUD,57.63
2025-12-07,USD,91.3
2025-12-07,GBP,117.1
2025-12-07,INR,1.0
2025-12-07,EUR,102.2
2025-12-07,CAD,65.01
2025-12-07,AUD,57.7
2025-12-08,USD,92.81
2025-12-08,GBP,119.78
2025-12-08,INR,1.0
2025-12-08,EUR,103.67
2025-12-08,CAD,65.1
2025-12-08,AUD,58.79
2025-12-09,USD,91.34
2025-12-09,GBP,117.17
2025-12-09,INR,1.0
2025-12-09,EUR,104.5
2025-12-09,CAD,65.16
2025-12-09,AUD,58.31
2025-12-10,USD,91.06
2025-12-10,GBP,118.04
2025-12-10,INR,1.0
2025-12-10,EUR,102.73
2025-12-10,CAD,63.87
2025-12-10,AUD,57.72
2025-12-11,USD,89.79
2025-12-11,GBP,118.31
2025-12-11,INR,1.0
2025-12-11,EUR,101.86
2025-12-11,CAD,63.28
2025-12-11,AUD,57.97
2025-12-12,USD,92.31
2025-12-12,GBP,121.06
2025-12-12,INR,1.0
2025-12-12,EUR,104.48
2025-12-12,CAD,63.14
2025-12-12,AUD,57.86
2025-12-13,USD,89.49
2025-12-13,GBP,120.64
2025-12-13,INR,1.0
2025-12-13,EUR,102.86
2025-12-13,CAD,63.5
2025-12-13,AUD,58.24
2025-12-14,USD,91.88
2025-12-14,GBP,119.41
2025-12-14,INR,1.0
2025-12-14,EUR,102.78
2025-12-14,CAD,64.89
2025-12-14,AUD,58.41
2025-12-15,USD,90.41
2025-12-15,GBP,116.72
2025-12-15,INR,1.0
2025-12-15,EUR,103.63
2025-12-15,CAD,62.88
2025-12-15,AUD,58.75
2025-12-16,USD,90.68
2025-12-16,GBP,118.24
2025-12-16,INR,1.0
2025-12-16,EUR,101.33
2025-12-16,CAD,63.72
2025-12-16,AUD,59.06
2025-12-17,USD,92.2
2025-12-17,GBP,120.33
2025-12-17,INR,1.0
2025-12-17,EUR,103.12
2025-12-17,CAD,63.68
2025-12-17,AUD,57.54
2025-12-18,USD,91.24
2025-12-18,GBP,119.67
2025-12-18,INR,1.0
2025-12-18,EUR,101.26
2025-12-18,CAD,64.68
2025-12-18,AUD,57.59
2025-12-19,USD,89.71
2025-12-19,GBP,117.66
2025-12-19,INR,1.0
2025-12-19,EUR,104.34
2025-12-19,CAD,64.06
2025-12-19,AUD,58.29
2025-12-20,USD,90.47
2025-12-20,GBP,119.61
2025-12-20,INR,1.0
2025-12-20,EUR,102.08
2025-12-20,CAD,63.69
2025-12-20,AUD,58.11
2025-12-21,USD,91.73
2025-12-21,GBP,119.88
2025-12-21,INR,1.0
2025-12-21,EUR,102.69
2025-12-21,CAD,64.24
2025-12-21,AUD,57.67
2025-12-22,USD,89.56
2025-12-22,GBP,120.01
2025-12-22,INR,1.0
2025-12-22,EUR,103.69
2025-12-22,CAD,65.2
2025-12-22,AUD,58.72
2025-12-23,USD,91.16
2025-12-23,GBP,117.85
2025-12-23,INR,1.0
2025-12-23,EUR,103.72
2025-12-23,CAD,62.73
2025-12-23,AUD,59.11
2025-12-24,USD,91.97
2025-12-24,GBP,118.37
2025-12-24,INR,1.0
2025-12-24,EUR,104.57
2025-12-24,CAD,63.63
2025-12-24,AUD,57.58
2025-12-25,USD,89.36
2025-12-25,GBP,117.43
2025-12-25,INR,1.0
2025-12-25,EUR,102.94
2025-12-25,CAD,62.89
2025-12-25,AUD,58.16
2025-12-26,USD,91.52
2025-12-26,GBP,119.68
2025-12-26,INR,1.0
2025-12-26,EUR,101.93
2025-12-26,CAD,64.39
2025-12-26,AUD,58.48
2025-12-27,USD,89.83
2025-12-27,GBP,119.74
2025-12-27,INR,1.0
2025-12-27,EUR,104.26
2025-12-27,CAD,64.92
2025-12-27,AUD,56.96
2025-12-28,USD,90.49
2025-12-28,GBP,118.14
2025-12-28,INR,1.0
2025-12-28,EUR,101.92
2025-12-28,CAD,64.56
2025-12-28,AUD,58.54
2025-12-29,USD,91.63
2025-12-29,GBP,118.65
2025-12-29,INR,1.0
2025-12-29,EUR,101.67
2025-12-29,CAD,63.11
2025-12-29,AUD,57.54
2025-12-30,USD,90.38
2025-12-30,GBP,119.39
2025-12-30,INR,1.0
2025-12-30,EUR,103.14
2025-12-30,CAD,64.64
2025-12-30,AUD,57.73
2025-12-31,USD,92.3
2025-12-31,GBP,119.6
2025-12-31,INR,1.0
2025-12-31,EUR,104.74
2025-12-31,CAD,65.0
2025-12-31,AUD,58.29
2026-01-01,USD,92.15
2026-01-01,GBP,120.92
2026-01-01,INR,1.0
2026-01-01,EUR,102.48
2026-01-01,CAD,65.27
2026-01-01,AUD,57.5
2026-01-02,USD,89.96
2026-01-02,GBP,119.07
2026-01-02,INR,1.0
2026-01-02,EUR,105.03
2026-01-02,CAD,63.42
2026-01-02,AUD,57.61
2026-01-03,USD,91.37
2026-01-03,GBP,120.59
2026-01-03,INR,1.0
2026-01-03,EUR,103.79
2026-01-03,CAD,64.55
2026-01-03,AUD,59.15
2026-01-04,USD,91.19
2026-01-04,GBP,117.58
2026-01-04,INR,1.0
2026-01-04,EUR,101.16
2026-01-04,CAD,65.16
2026-01-04,AUD,57.16
2026-01-05,USD,91.11
2026-01-05,GBP,121.12
2026-01-05,INR,1.0
2026-01-05,EUR,101.98
2026-01-05,CAD,64.5
2026-01-05,AUD,57.67
2026-01-06,USD,92.03
2026-01-06,GBP,120.93
2026-01-06,INR,1.0
2026-01-06,EUR,101.47
2026-01-06,CAD,64.84
2026-01-06,AUD,58.87
2026-01-07,USD,90.93
2026-01-07,GBP,119.65
2026-01-07,INR,1.0
2026-01-07,EUR,102.3
2026-01-07,CAD,63.62
2026-01-07,AUD,57.31
2026-01-08,USD,92.04
2026-01-08,GBP,116.93
2026-01-08,INR,1.0
2026-01-08,EUR,103.03
2026-01-08,CAD,63.09
2026-01-08,AUD,57.36
2026-01-09,USD,91.6
2026-01-09,GBP,118.22
2026-01-09,INR,1.0
2026-01-09,EUR,101.65
2026-01-09,CAD,64.08
2026-01-09,AUD,57.09
2026-01-10,USD,92.56
2026-01-10,GBP,117.09
2026-01-10,INR,1.0
2026-01-10,EUR,101.54
2026-01-10,CAD,64.09
2026-01-10,AUD,57.81
2026-01-11,USD,90.28
2026-01-11,GBP,119.6
2026-01-11,INR,1.0
2026-01-11,EUR,101.71
2026-01-11,CAD,65.22
2026-01-11,AUD,57.78
2026-01-12,USD,92.1
2026-01-12,GBP,117.14
2026-01-12,INR,1.0
2026-01-12,EUR,104.37
2026-01-12,CAD,64.81
2026-01-12,AUD,58.35
2026-01-13,USD,89.25
2026-01-13,GBP,117.46
2026-01-13,INR,1.0
2026-01-13,EUR,102.19
2026-01-13,CAD,63.92
2026-01-13,AUD,58.9
2026-01-14,USD,91.43
2026-01-14,GBP,117.59
2026-01-14,INR,1.0
2026-01-14,EUR,101.34
2026-01-14,CAD,63.94
2026-01-14,AUD,57.69
2026-01-15,USD,91.92
2026-01-15,GBP,120.72
2026-01-15,INR,1.0
2026-01-15,EUR,102.09
2026-01-15,CAD,64.47
2026-01-15,AUD,58.56
2026-01-16,USD,91.09
2026-01-16,GBP,116.98
2026-01-16,INR,1.0
2026-01-16,EUR,105.04
2026-01-16,CAD,63.0
2026-01-16,AUD,57.78
2026-01-17,USD,90.5
2026-01-17,GBP,119.85
2026-01-17,INR,1.0
2026-01-17,EUR,101.3
2026-01-17,CAD,65.0
2026-01-17,AUD,58.7
2026-01-18,USD,91.18
2026-01-18,GBP,121.23
2026-01-18,INR,1.0
2026-01-18,EUR,101.33
2026-01-18,CAD,64.66
2026-01-18,AUD,59.11
2026-01-19,USD,92.11
2026-01-19,GBP,119.97
2026-01-19,INR,1.0
2026-01-19,EUR,101.05
2026-01-19,CAD,64.49
2026-01-19,AUD,58.59
2026-01-20,USD,90.33
2026-01-20,GBP,121.27
2026-01-20,INR,1.0
2026-01-20,EUR,101.68
2026-01-20,CAD,65.27
2026-01-20,AUD,58.0
2026-01-21,USD,92.72
2026-01-21,GBP,116.79
2026-01-21,INR,1.0
2026-01-21,EUR,104.17
2026-01-21,CAD,65.11
2026-01-21,AUD,58.63
2026-01-22,USD,91.18
2026-01-22,GBP,120.54
2026-01-22,INR,1.0
2026-01-22,EUR,103.22
2026-01-22,CAD,62.85
2026-01-22,AUD,59.07
2026-01-23,USD,90.22
2026-01-23,GBP,119.65
2026-01-23,INR,1.0
2026-01-23,EUR,101.49
2026-01-23,CAD,62.93
2026-01-23,AUD,58.21
2026-01-24,USD,92.48
2026-01-24,GBP,120.21
2026-01-24,INR,1.0
2026-01-24,EUR,101.67
2026-01-24,CAD,64.17
2026-01-24,AUD,57.39
2026-01-25,USD,91.73
2026-01-25,GBP,118.71
2026-01-25,INR,1.0
2026-01-25,EUR,101.86
2026-01-25,CAD,62.99
2026-01-25,AUD,57.71
2026-01-26,USD,91.94
2026-01-26,GBP,120.71
2026-01-26,INR,1.0
2026-01-26,EUR,104.17
2026-01-26,CAD,63.95
2026-01-26,AUD,57.3
2026-01-27,USD,91.18
2026-01-27,GBP,120.6
2026-01-27,INR,1.0
2026-01-27,EUR,104.77
2026-01-27,CAD,64.84
2026-01-27,AUD,56.93
2026-01-28,USD,90.31
2026-01-28,GBP,119.91
2026-01-28,INR,1.0
2026-01-28,EUR,101.52
2026-01-28,CAD,63.32
2026-01-28,AUD,57.81
2026-01-29,USD,90.51
2026-01-29,GBP,117.48
2026-01-29,INR,1.0
2026-01-29,EUR,101.96
2026-01-29,CAD,64.25
2026-01-29,AUD,57.58
2026-01-30,USD,89.37
2026-01-30,GBP,120.48
2026-01-30,INR,1.0
2026-01-30,EUR,102.31
2026-01-30,CAD,63.16
2026-01-30,AUD,57.19
2026-01-31,USD,92.37
2026-01-31,GBP,119.73
2026-01-31,INR,1.0
2026-01-31,EUR,102.74
2026-01-31,CAD,64.69
2026-01-31,AUD,58.0
2026-02-01,USD,91.79
2026-02-01,GBP,119.49
2026-02-01,INR,1.0
2026-02-01,EUR,102.93
2026-02-01,CAD,63.73
2026-02-01,AUD,58.53
2026-02-02,USD,91.62
2026-02-02,GBP,120.97
2026-02-02,INR,1.0
2026-02-02,EUR,102.77
2026-02-02,CAD,63.59
2026-02-02,AUD,58.5
2026-02-03,USD,89.8
2026-02-03,GBP,119.35
2026-02-03,INR,1.0
2026-02-03,EUR,101.48
2026-02-03,CAD,64.36
2026-02-03,AUD,57.64
2026-02-04,USD,91.69
2026-02-04,GBP,119.16
2026-02-04,INR,1.0
2026-02-04,EUR,103.54
2026-02-04,CAD,65.25
2026-02-04,AUD,57.04
2026-02-05,USD,90.04
2026-02-05,GBP,119.62
2026-02-05,INR,1.0
2026-02-05,EUR,102.16
2026-02-05,CAD,62.98
2026-02-05,AUD,57.79
2026-02-06,USD,89.5
2026-02-06,GBP,121.08
2026-02-06,INR,1.0
2026-02-06,EUR,101.92
2026-02-06,CAD,63.02
2026-02-06,AUD,57.55
2026-02-07,USD,92.56
2026-02-07,GBP,117.57
2026-02-07,INR,1.0
2026-02-07,EUR,101.96
2026-02-07,CAD,64.77
2026-02-07,AUD,57.54
2026-02-08,USD,89.61
2026-02-08,GBP,118.57
2026-02-08,INR,1.0
2026-02-08,EUR,101.53
2026-02-08,CAD,64.9
2026-02-08,AUD,57.77
2026-02-09,USD,91.14
2026-02-09,GBP,119.41
2026-02-09,INR,1.0
2026-02-09,EUR,104.35
2026-02-09,CAD,64.18
2026-02-09,AUD,56.89
2026-02-10,USD,89.62
2026-02-10,GBP,117.34
2026-02-10,INR,1.0
2026-02-10,EUR,103.73
2026-02-10,CAD,65.13
2026-02-10,AUD,58.93
2026-02-11,USD,90.27
2026-02-11,GBP,118.85
2026-02-11,INR,1.0
2026-02-11,EUR,103.87
2026-02-11,CAD,62.93
2026-02-11,AUD,56.88
2026-02-12,USD,92.49
2026-02-12,GBP,120.91
2026-02-12,INR,1.0
2026-02-12,EUR,103.71
2026-02-12,CAD,64.2
2026-02-12,AUD,57.17
2026-02-13,USD,89.55
2026-02-13,GBP,118.78
2026-02-13,INR,1.0
2026-02-13,EUR,102.79
2026-02-13,CAD,64.67
2026-02-13,AUD,58.89
2026-02-14,USD,90.96
2026-02-14,GBP,118.74
2026-02-14,INR,1.0
2026-02-14,EUR,103.68
2026-02-14,CAD,64.41
2026-02-14,AUD,58.13
2026-02-15,USD,89.77
2026-02-15,GBP,117.65
2026-02-15,INR,1.0
2026-02-15,EUR,102.67
2026-02-15,CAD,63.36
2026-02-15,AUD,58.48
2026-02-16,USD,90.54
2026-02-16,GBP,121.04
2026-02-16,INR,1.0
2026-02-16,EUR,104.19
2026-02-16,CAD,62.85
2026-02-16,AUD,57.57
2026-02-17,USD,89.21
2026-02-17,GBP,116.66
2026-02-17,INR,1.0
2026-02-17,EUR,101.65
2026-02-17,CAD,64.08
2026-02-17,AUD,58.3
2026-02-18,USD,90.56
2026-02-18,GBP,119.11
2026-02-18,INR,1.0
2026-02-18,EUR,104.14
2026-02-18,CAD,64.29
2026-02-18,AUD,57.35
2026-02-19,USD,92.54
2026-02-19,GBP,116.95
2026-02-19,INR,1.0
2026-02-19,EUR,101.65
2026-02-19,CAD,64.54
2026-02-19,AUD,58.98
2026-02-20,USD,92.17
2026-02-20,GBP,120.84
2026-02-20,INR,1.0
2026-02-20,EUR,101.97
2026-02-20,CAD,63.47
2026-02-20,AUD,58.59
2026-02-21,USD,91.98
2026-02-21,GBP,120.11
2026-02-21,INR,1.0
2026-02-21,EUR,104.26
2026-02-21,CAD,64.19
2026-02-21,AUD,56.96
2026-02-22,USD,90.21
2026-02-22,GBP,118.05
2026-02-22,INR,1.0
2026-02-22,EUR,103.7
2026-02-22,CAD,64.15
2026-02-22,AUD,58.75
2026-02-23,USD,90.9
2026-02-23,GBP,119.63
2026-02-23,INR,1.0
2026-02-23,EUR,102.71
2026-02-23,CAD,65.15
2026-02-23,AUD,58.86
2026-02-24,USD,90.2
2026-02-24,GBP,117.13
2026-02-24,INR,1.0
2026-02-24,EUR,105.04
2026-02-24,CAD,63.39
2026-02-24,AUD,57.04
2026-02-25,USD,89.58
2026-02-25,GBP,120.3
2026-02-25,INR,1.0
2026-02-25,EUR,101.95
2026-02-25,CAD,63.88
2026-02-25,AUD,57.18
2026-02-26,USD,90.98
2026-02-26,GBP,119.59
2026-02-26,INR,1.0
2026-02-26,EUR,101.96
2026-02-26,CAD,63.74
2026-02-26,AUD,58.05
2026-02-27,USD,90.06
2026-02-27,GBP,120.63
2026-02-27,INR,1.0
2026-02-27,EUR,101.05
2026-02-27,CAD,63.52
2026-02-27,AUD,58.73
2026-02-28,USD,91.67
2026-02-28,GBP,118.46
2026-02-28,INR,1.0
2026-02-28,EUR,101.98
2026-02-28,CAD,65.03
2026-02-28,AUD,58.07
2026-03-01,USD,89.33
2026-03-01,GBP,118.16
2026-03-01,INR,1.0
2026-03-01,EUR,101.12
2026-03-01,CAD,65.27
2026-03-01,AUD,58.96
2026-03-02,USD,90.59
2026-03-02,GBP,116.99
2026-03-02,INR,1.0
2026-03-02,EUR,104.19
2026-03-02,CAD,64.99
2026-03-02,AUD,59.09
2026-03-03,USD,90.09
2026-03-03,GBP,120.6
2026-03-03,INR,1.0
2026-03-03,EUR,101.52
2026-03-03,CAD,65.0
2026-03-03,AUD,58.6
2026-03-04,USD,90.15
2026-03-04,GBP,118.87
2026-03-04,INR,1.0
2026-03-04,EUR,102.45
2026-03-04,CAD,65.25
2026-03-04,AUD,57.91
2026-03-05,USD,92.22
2026-03-05,GBP,120.35
2026-03-05,INR,1.0
2026-03-05,EUR,101.59
2026-03-05,CAD,63.33
2026-03-05,AUD,57.33
2026-03-06,USD,92.79
2026-03-06,GBP,119.22
2026-03-06,INR,1.0
2026-03-06,EUR,103.23
2026-03-06,CAD,62.9
2026-03-06,AUD,57.96
2026-03-07,USD,89.47
2026-03-07,GBP,121.18
2026-03-07,INR,1.0
2026-03-07,EUR,105.02
2026-03-07,CAD,64.1
2026-03-07,AUD,58.37
2026-03-08,USD,90.66
2026-03-08,GBP,121.18
2026-03-08,INR,1.0
2026-03-08,EUR,100.96
2026-03-08,CAD,65.24
2026-03-08,AUD,59.08
2026-03-09,USD,89.87
2026-03-09,GBP,117.47
2026-03-09,INR,1.0
2026-03-09,EUR,102.91
2026-03-09,CAD,64.28
2026-03-09,AUD,58.25
2026-03-10,USD,90.55
2026-03-10,GBP,118.62
2026-03-10,INR,1.0
2026-03-10,EUR,101.99
2026-03-10,CAD,62.87
2026-03-10,AUD,57.67
2026-03-11,USD,92.12
2026-03-11,GBP,120.43
2026-03-11,INR,1.0
2026-03-11,EUR,102.57
2026-03-11,CAD,64.59
2026-03-11,AUD,58.08
2026-03-12,USD,91.34
2026-03-12,GBP,120.65
2026-03-12,INR,1.0
2026-03-12,EUR,103.04
2026-03-12,CAD,63.24
2026-03-12,AUD,58.22
2026-03-13,USD,90.76
2026-03-13,GBP,117.15
2026-03-13,INR,1.0
2026-03-13,EUR,102.98
2026-03-13,CAD,63.08
2026-03-13,AUD,58.62
2026-03-14,USD,91.37
2026-03-14,GBP,120.88
2026-03-14,INR,1.0
2026-03-14,EUR,101.6
2026-03-14,CAD,63.81
2026-03-14,AUD,58.87
2026-03-15,USD,89.45
2026-03-15,GBP,119.82
2026-03-15,INR,1.0
2026-03-15,EUR,101.97
2026-03-15,CAD,64.55
2026-03-15,AUD,57.01
2026-03-16,USD,92.17
2026-03-16,GBP,120.68
2026-03-16,INR,1.0
2026-03-16,EUR,101.62
2026-03-16,CAD,63.86
2026-03-16,AUD,57.71
2026-03-17,USD,91.97
2026-03-17,GBP,120.8
2026-03-17,INR,1.0
2026-03-17,EUR,100.95
2026-03-17,CAD,64.91
2026-03-17,AUD,56.85
2026-03-18,USD,90.53
2026-03-18,GBP,118.25
2026-03-18,INR,1.0
2026-03-18,EUR,103.36
2026-03-18,CAD,62.94
2026-03-18,AUD,58.51
2026-03-19,USD,90.48
2026-03-19,GBP,121.35
2026-03-19,INR,1.0
2026-03-19,EUR,102.8
2026-03-19,CAD,64.45
2026-03-19,AUD,57.51
2026-03-20,USD,92.1
2026-03-20,GBP,119.86
2026-03-20,INR,1.0
2026-03-20,EUR,104.82
2026-03-20,CAD,63.43
2026-03-20,AUD,58.53
2026-03-21,USD,89.43
2026-03-21,GBP,118.0
2026-03-21,INR,1.0
2026-03-21,EUR,103.32
2026-03-21,CAD,63.65
2026-03-21,AUD,57.22
2026-03-22,USD,91.63
2026-03-22,GBP,117.09
2026-03-22,INR,1.0
2026-03-22,EUR,102.94
2026-03-22,CAD,62.79
2026-03-22,AUD,57.68
2026-03-23,USD,89.23
2026-03-23,GBP,117.66
2026-03-23,INR,1.0
2026-03-23,EUR,102.09
2026-03-23,CAD,63.94
2026-03-23,AUD,56.93
2026-03-24,USD,91.47
2026-03-24,GBP,120.39
2026-03-24,INR,1.0
2026-03-24,EUR,102.94
2026-03-24,CAD,63.77
2026-03-24,AUD,57.75
2026-03-25,USD,92.29
2026-03-25,GBP,119.39
2026-03-25,INR,1.0
2026-03-25,EUR,102.97
2026-03-25,CAD,64.47
2026-03-25,AUD,58.06
2026-03-26,USD,92.56
2026-03-26,GBP,117.73
2026-03-26,INR,1.0
2026-03-26,EUR,101.13
2026-03-26,CAD,63.36
2026-03-26,AUD,57.87
2026-03-27,USD,91.62
2026-03-27,GBP,119.73
2026-03-27,INR,1.0
2026-03-27,EUR,103.68
2026-03-27,CAD,63.95
2026-03-27,AUD,57.69
2026-03-28,USD,89.48
2026-03-28,GBP,117.19
2026-03-28,INR,1.0
2026-03-28,EUR,101.36
2026-03-28,CAD,63.48
2026-03-28,AUD,59.04
2026-03-29,USD,92.53
2026-03-29,GBP,120.43
2026-03-29,INR,1.0
2026-03-29,EUR,103.25
2026-03-29,CAD,62.76
2026-03-29,AUD,58.83
2026-03-30,USD,91.66
2026-03-30,GBP,119.48
2026-03-30,INR,1.0
2026-03-30,EUR,104.86
2026-03-30,CAD,64.34
2026-03-30,AUD,57.37
2026-03-31,USD,91.79
2026-03-31,GBP,117.65
2026-03-31,INR,1.0
2026-03-31,EUR,103.13
2026-03-31,CAD,64.05
2026-03-31,AUD,58.37
2026-04-01,USD,91.93
2026-04-01,GBP,116.7
2026-04-01,INR,1.0
2026-04-01,EUR,103.37
2026-04-01,CAD,62.86
2026-04-01,AUD,57.56
2026-04-02,USD,92.23
2026-04-02,GBP,121.21
2026-04-02,INR,1.0
2026-04-02,EUR,101.65
2026-04-02,CAD,64.75
2026-04-02,AUD,59.16
2026-04-03,USD,91.18
2026-04-03,GBP,116.9
2026-04-03,INR,1.0
2026-04-03,EUR,102.59
2026-04-03,CAD,64.62
2026-04-03,AUD,58.07
2026-04-04,USD,90.67
2026-04-04,GBP,121.2
2026-04-04,INR,1.0
2026-04-04,EUR,103.14
2026-04-04,CAD,62.94
2026-04-04,AUD,57.73
2026-04-05,USD,91.03
2026-04-05,GBP,116.86
2026-04-05,INR,1.0
2026-04-05,EUR,102.76
2026-04-05,CAD,63.51
2026-04-05,AUD,57.29
2026-04-06,USD,92.48
2026-04-06,GBP,118.57
2026-04-06,INR,1.0
2026-04-06,EUR,103.35
2026-04-06,CAD,64.13
2026-04-06,AUD,57.64
2026-04-07,USD,90.33
2026-04-07,GBP,118.41
2026-04-07,INR,1.0
2026-04-07,EUR,104.89
2026-04-07,CAD,64.83
2026-04-07,AUD,56.97
2026-04-08,USD,89.85
2026-04-08,GBP,117.21
2026-04-08,INR,1.0
2026-04-08,EUR,103.4
2026-04-08,CAD,63.95
2026-04-08,AUD,57.56
2026-04-09,USD,89.29
2026-04-09,GBP,119.85
2026-04-09,INR,1.0
2026-04-09,EUR,101.27
2026-04-09,CAD,63.72
2026-04-09,AUD,57.07
2026-04-10,USD,91.65
2026-04-10,GBP,119.65
2026-04-10,INR,1.0
2026-04-10,EUR,102.02
2026-04-10,CAD,64.76
2026-04-10,AUD,58.21
2026-04-11,USD,90.06
2026-04-11,GBP,120.61
2026-04-11,INR,1.0
2026-04-11,EUR,101.65
2026-04-11,CAD,64.35
2026-04-11,AUD,58.69
2026-04-12,USD,90.9
2026-04-12,GBP,119.71
2026-04-12,INR,1.0
2026-04-12,EUR,101.81
2026-04-12,CAD,64.83
2026-04-12,AUD,57.96
2026-04-13,USD,92.34
2026-04-13,GBP,120.28
2026-04-13,INR,1.0
2026-04-13,EUR,103.7
2026-04-13,CAD,64.98
2026-04-13,AUD,57.47
2026-04-14,USD,89.37
2026-04-14,GBP,119.73
2026-04-14,INR,1.0
2026-04-14,EUR,102.1
2026-04-14,CAD,64.31
2026-04-14,AUD,58.69
2026-04-15,USD,91.35
2026-04-15,GBP,119.34
2026-04-15,INR,1.0
2026-04-15,EUR,102.86
2026-04-15,CAD,64.91
2026-04-15,AUD,57.09
2026-04-16,USD,89.86
2026-04-16,GBP,118.95
2026-04-16,INR,1.0
2026-04-16,EUR,104.14
2026-04-16,CAD,63.95
2026-04-16,AUD,58.02
2026-04-17,USD,92.79
2026-04-17,GBP,120.95
2026-04-17,INR,1.0
2026-04-17,EUR,102.94
2026-04-17,CAD,65.09
2026-04-17,AUD,58.98
2026-04-18,USD,89.27
2026-04-18,GBP,117.15
2026-04-18,INR,1.0
2026-04-18,EUR,101.8
2026-04-18,CAD,62.95
2026-04-18,AUD,57.38
2026-04-19,USD,90.14
2026-04-19,GBP,118.6
2026-04-19,INR,1.0
2026-04-19,EUR,102.72
2026-04-19,CAD,63.1
2026-04-19,AUD,57.59
2026-04-20,USD,92.32
2026-04-20,GBP,120.03
2026-04-20,INR,1.0
2026-04-20,EUR,102.13
2026-04-20,CAD,62.84
2026-04-20,AUD,56.86
2026-04-21,USD,90.99
2026-04-21,GBP,119.57
2026-04-21,INR,1.0
2026-04-21,EUR,102.82
2026-04-21,CAD,63.91
2026-04-21,AUD,58.49
2026-04-22,USD,90.35
2026-04-22,GBP,120.17
2026-04-22,INR,1.0
2026-04-22,EUR,103.47
2026-04-22,CAD,64.95
2026-04-22,AUD,57.82
2026-04-23,USD,91.68
2026-04-23,GBP,116.66
2026-04-23,INR,1.0
2026-04-23,EUR,103.1
2026-04-23,CAD,64.96
2026-04-23,AUD,58.82
2026-04-24,USD,90.77
2026-04-24,GBP,117.82
2026-04-24,INR,1.0
2026-04-24,EUR,101.75
2026-04-24,CAD,63.84
2026-04-24,AUD,59.01
2026-04-25,USD,89.58
2026-04-25,GBP,117.4
2026-04-25,INR,1.0
2026-04-25,EUR,102.99
2026-04-25,CAD,63.44
2026-04-25,AUD,58.41
2026-04-26,USD,90.43
2026-04-26,GBP,116.98
2026-04-26,INR,1.0
2026-04-26,EUR,101.99
2026-04-26,CAD,65.19
2026-04-26,AUD,57.18
2026-04-27,USD,91.83
2026-04-27,GBP,116.85
2026-04-27,INR,1.0
2026-04-27,EUR,101.29
2026-04-27,CAD,64.79
2026-04-27,AUD,59.09
2026-04-28,USD,91.01
2026-04-28,GBP,117.39
2026-04-28,INR,1.0
2026-04-28,EUR,102.97
2026-04-28,CAD,64.25
2026-04-28,AUD,58.27
2026-04-29,USD,90.27
2026-04-29,GBP,120.98
2026-04-29,INR,1.0
2026-04-29,EUR,104.68
2026-04-29,CAD,63.98
2026-04-29,AUD,56.99
2026-04-30,USD,92.36
2026-04-30,GBP,121.3
2026-04-30,INR,1.0
2026-04-30,EUR,101.55
2026-04-30,CAD,62.96
2026-04-30,AUD,58.87
2026-05-01,USD,89.92
2026-05-01,GBP,121.24
2026-05-01,INR,1.0
2026-05-01,EUR,102.75
2026-05-01,CAD,64.5
2026-05-01,AUD,58.24
2026-05-02,USD,89.79
2026-05-02,GBP,119.2
2026-05-02,INR,1.0
2026-05-02,EUR,101.59
2026-05-02,CAD,62.96
2026-05-02,AUD,57.84
2026-05-03,USD,89.78
2026-05-03,GBP,117.22
2026-05-03,INR,1.0
2026-05-03,EUR,104.1
2026-05-03,CAD,63.63
2026-05-03,AUD,58.47
2026-05-04,USD,90.39
2026-05-04,GBP,117.18
2026-05-04,INR,1.0
2026-05-04,EUR,103.29
2026-05-04,CAD,65.24
2026-05-04,AUD,58.76
2026-05-05,USD,90.69
2026-05-05,GBP,121.31
2026-05-05,INR,1.0
2026-05-05,EUR,101.98
2026-05-05,CAD,64.04
2026-05-05,AUD,57.89
2026-05-06,USD,91.42
2026-05-06,GBP,119.28
2026-05-06,INR,1.0
2026-05-06,EUR,103.12
2026-05-06,CAD,64.87
2026-05-06,AUD,57.13
2026-05-07,USD,90.8
2026-05-07,GBP,118.23
2026-05-07,INR,1.0
2026-05-07,EUR,103.86
2026-05-07,CAD,65.0
2026-05-07,AUD,58.15
2026-05-08,USD,91.58
2026-05-08,GBP,118.71
2026-05-08,INR,1.0
2026-05-08,EUR,103.69
2026-05-08,CAD,65.07
2026-05-08,AUD,57.53
2026-05-09,USD,91.34
2026-05-09,GBP,116.85
2026-05-09,INR,1.0
2026-05-09,EUR,102.99
2026-05-09,CAD,62.97
2026-05-09,AUD,58.68
2026-05-10,USD,89.91
2026-05-10,GBP,120.63
2026-05-10,INR,1.0
2026-05-10,EUR,102.65
2026-05-10,CAD,64.75
2026-05-10,AUD,57.98
2026-05-11,USD,92.41
2026-05-11,GBP,117.52
2026-05-11,INR,1.0
2026-05-11,EUR,101.75
2026-05-11,CAD,62.97
2026-05-11,AUD,58.42
2026-05-12,USD,90.09
2026-05-12,GBP,120.28
2026-05-12,INR,1.0
2026-05-12,EUR,105.03
2026-05-12,CAD,64.12
2026-05-12,AUD,58.18
2026-05-13,USD,89.71
2026-05-13,GBP,119.93
2026-05-13,INR,1.0
2026-05-13,EUR,103.95
2026-05-13,CAD,63.31
2026-05-13,AUD,58.59
2026-05-14,USD,90.34
2026-05-14,GBP,118.18
2026-05-14,INR,1.0
2026-05-14,EUR,103.51
2026-05-14,CAD,63.76
2026-05-14,AUD,58.58
2026-05-15,USD,92.52
2026-05-15,GBP,119.28
2026-05-15,INR,1.0
2026-05-15,EUR,105.06
2026-05-15,CAD,64.55
2026-05-15,AUD,58.63
2026-05-16,USD,92.11
2026-05-16,GBP,118.4
2026-05-16,INR,1.0
2026-05-16,EUR,104.64
2026-05-16,CAD,62.72
2026-05-16,AUD,58.53
2026-05-17,USD,92.48
2026-05-17,GBP,121.38
2026-05-17,INR,1.0
2026-05-17,EUR,102.92
2026-05-17,CAD,65.07
2026-05-17,AUD,57.5
2026-05-18,USD,91.95
2026-05-18,GBP,120.94
2026-05-18,INR,1.0
2026-05-18,EUR,102.82
2026-05-18,CAD,64.47
2026-05-18,AUD,58.44
2026-05-19,USD,89.28
2026-05-19,GBP,119.78
2026-05-19,INR,1.0
2026-05-19,EUR,101.73
2026-05-19,CAD,64.74
2026-05-19,AUD,57.41
2026-05-20,USD,91.09
2026-05-20,GBP,117.42
2026-05-20,INR,1.0
2026-05-20,EUR,103.91
2026-05-20,CAD,64.26
2026-05-20,AUD,58.07
2026-05-21,USD,90.48
2026-05-21,GBP,117.87
2026-05-21,INR,1.0
2026-05-21,EUR,104.37
2026-05-21,CAD,64.69
2026-05-21,AUD,57.64
2026-05-22,USD,90.97
2026-05-22,GBP,118.1
2026-05-22,INR,1.0
2026-05-22,EUR,101.38
2026-05-22,CAD,64.88
2026-05-22,AUD,57.92
2026-05-23,USD,89.33
2026-05-23,GBP,120.24
2026-05-23,INR,1.0
2026-05-23,EUR,103.91
2026-05-23,CAD,64.28
2026-05-23,AUD,57.62
2026-05-24,USD,89.6
2026-05-24,GBP,117.23
2026-05-24,INR,1.0
2026-05-24,EUR,104.06
2026-05-24,CAD,64.2
2026-05-24,AUD,56.86
2026-05-25,USD,90.3
2026-05-25,GBP,120.94
2026-05-25,INR,1.0
2026-05-25,EUR,103.84
2026-05-25,CAD,64.89
2026-05-25,AUD,58.07
2026-05-26,USD,90.65
2026-05-26,GBP,118.19
2026-05-26,INR,1.0
2026-05-26,EUR,104.51
2026-05-26,CAD,63.8
2026-05-26,AUD,56.88
2026-05-27,USD,90.48
2026-05-27,GBP,118.96
2026-05-27,INR,1.0
2026-05-27,EUR,101.95
2026-05-27,CAD,62.84
2026-05-27,AUD,58.26
2026-05-28,USD,90.51
2026-05-28,GBP,117.86
2026-05-28,INR,1.0
2026-05-28,EUR,102.08
2026-05-28,CAD,63.77
2026-05-28,AUD,57.21
2026-05-29,USD,92.81
2026-05-29,GBP,117.18
2026-05-29,INR,1.0
2026-05-29,EUR,102.46
2026-05-29,CAD,64.26
2026-05-29,AUD,58.0
2026-05-30,USD,92.01
2026-05-30,GBP,118.51
2026-05-30,INR,1.0
2026-05-30,EUR,104.84
2026-05-30,CAD,63.79
2026-05-30,AUD,57.08
2026-05-31,USD,91.28
2026-05-31,GBP,117.28
2026-05-31,INR,1.0
2026-05-31,EUR,103.47
2026-05-31,CAD,62.94
2026-05-31,AUD,57.31
2026-06-01,USD,90.45
2026-06-01,GBP,119.01
2026-06-01,INR,1.0
2026-06-01,EUR,101.28
2026-06-01,CAD,62.74
2026-06-01,AUD,57.81
2026-06-02,USD,92.35
2026-06-02,GBP,117.04
2026-06-02,INR,1.0
2026-06-02,EUR,102.05
2026-06-02,CAD,63.95
2026-06-02,AUD,58.83
2026-06-03,USD,91.94
2026-06-03,GBP,116.99
2026-06-03,INR,1.0
2026-06-03,EUR,103.89
2026-06-03,CAD,63.5
2026-06-03,AUD,57.99
2026-06-04,USD,91.93
2026-06-04,GBP,121.26
2026-06-04,INR,1.0
2026-06-04,EUR,104.09
2026-06-04,CAD,64.37
2026-06-04,AUD,57.48
2026-06-05,USD,91.6
2026-06-05,GBP,119.29
2026-06-05,INR,1.0
2026-06-05,EUR,104.72
2026-06-05,CAD,64.63
2026-06-05,AUD,57.84
2026-06-06,USD,92.65
2026-06-06,GBP,119.59
2026-06-06,INR,1.0
2026-06-06,EUR,102.4
2026-06-06,CAD,64.21
2026-06-06,AUD,59.0
2026-06-07,USD,90.67
2026-06-07,GBP,119.91
2026-06-07,INR,1.0
2026-06-07,EUR,103.41
2026-06-07,CAD,62.9
2026-06-07,AUD,57.2
2026-06-08,USD,91.42
2026-06-08,GBP,118.08
2026-06-08,INR,1.0
2026-06-08,EUR,102.16
2026-06-08,CAD,65.15
2026-06-08,AUD,57.52
2026-06-09,USD,92.78
2026-06-09,GBP,118.35
2026-06-09,INR,1.0
2026-06-09,EUR,101.6
2026-06-09,CAD,64.77
2026-06-09,AUD,58.52
2026-06-10,USD,90.94
2026-06-10,GBP,120.14
2026-06-10,INR,1.0
2026-06-10,EUR,102.4
2026-06-10,CAD,63.84
2026-06-10,AUD,58.98
2026-06-11,USD,89.96
2026-06-11,GBP,118.78
2026-06-11,INR,1.0
2026-06-11,EUR,103.31
2026-06-11,CAD,63.36
2026-06-11,AUD,58.85
2026-06-12,USD,90.29
2026-06-12,GBP,118.52
2026-06-12,INR,1.0
2026-06-12,EUR,103.44
2026-06-12,CAD,65.12
2026-06-12,AUD,57.12
2026-06-13,USD,90.31
2026-06-13,GBP,117.45
2026-06-13,INR,1.0
2026-06-13,EUR,102.87
2026-06-13,CAD,64.06
2026-06-13,AUD,57.26
2026-06-14,USD,90.1
2026-06-14,GBP,119.76
2026-06-14,INR,1.0
2026-06-14,EUR,101.42
2026-06-14,CAD,64.34
2026-06-14,AUD,57.46
2026-06-15,USD,92.28
2026-06-15,GBP,117.39
2026-06-15,INR,1.0
2026-06-15,EUR,102.56
2026-06-15,CAD,64.56
2026-06-15,AUD,57.09
2026-06-16,USD,91.11
2026-06-16,GBP,118.94
2026-06-16,INR,1.0
2026-06-16,EUR,102.69
2026-06-16,CAD,64.33
2026-06-16,AUD,57.95
2026-06-17,USD,89.33
2026-06-17,GBP,120.5
2026-06-17,INR,1.0
2026-06-17,EUR,104.91
2026-06-17,CAD,63.12
2026-06-17,AUD,58.86
2026-06-18,USD,90.28
2026-06-18,GBP,119.58
2026-06-18,INR,1.0
2026-06-18,EUR,101.94
2026-06-18,CAD,63.46
2026-06-18,AUD,57.77
2026-06-19,USD,90.4
2026-06-19,GBP,116.8
2026-06-19,INR,1.0
2026-06-19,EUR,105.03
2026-06-19,CAD,63.69
2026-06-19,AUD,57.84
2026-06-20,USD,92.23
2026-06-20,GBP,119.91
2026-06-20,INR,1.0
2026-06-20,EUR,104.5
2026-06-20,CAD,64.34
2026-06-20,AUD,58.93
2026-06-21,USD,92.48
2026-06-21,GBP,119.03
2026-06-21,INR,1.0
2026-06-21,EUR,101.68
2026-06-21,CAD,63.1
2026-06-21,AUD,58.65
2026-06-22,USD,89.31
2026-06-22,GBP,120.79
2026-06-22,INR,1.0
2026-06-22,EUR,104.31
2026-06-22,CAD,64.55
2026-06-22,AUD,57.85
2026-06-23,USD,91.88
2026-06-23,GBP,120.13
2026-06-23,INR,1.0
2026-06-23,EUR,101.8
2026-06-23,CAD,63.24
2026-06-23,AUD,58.37
2026-06-24,USD,89.83
2026-06-24,GBP,119.43
2026-06-24,INR,1.0
2026-06-24,EUR,104.44
2026-06-24,CAD,64.71
2026-06-24,AUD,57.08
2026-06-25,USD,89.77
2026-06-25,GBP,118.88
2026-06-25,INR,1.0
2026-06-25,EUR,101.08
2026-06-25,CAD,64.35
2026-06-25,AUD,57.93
2026-06-26,USD,91.24
2026-06-26,GBP,116.68
2026-06-26,INR,1.0
2026-06-26,EUR,102.83
2026-06-26,CAD,64.46
2026-06-26,AUD,58.36
2026-06-27,USD,92.15
2026-06-27,GBP,120.53
2026-06-27,INR,1.0
2026-06-27,EUR,104.72
2026-06-27,CAD,65.15
2026-06-27,AUD,57.91
2026-06-28,USD,90.33
2026-06-28,GBP,120.23
2026-06-28,INR,1.0
2026-06-28,EUR,102.5
2026-06-28,CAD,64.16
2026-06-28,AUD,57.58
2026-06-29,USD,90.34
2026-06-29,GBP,117.8
2026-06-29,INR,1.0
2026-06-29,EUR,103.67
2026-06-29,CAD,63.57
2026-06-29,AUD,57.1
2026-06-30,USD,92.4
2026-06-30,GBP,118.12
2026-06-30,INR,1.0
2026-06-30,EUR,104.75
2026-06-30,CAD,65.23
2026-06-30,AUD,58.09
2026-07-01,USD,89.96
2026-07-01,GBP,118.13
2026-07-01,INR,1.0
2026-07-01,EUR,101.08
2026-07-01,CAD,62.87
2026-07-01,AUD,58.79
2026-07-02,USD,91.84
2026-07-02,GBP,118.83
2026-07-02,INR,1.0
2026-07-02,EUR,103.26
2026-07-02,CAD,64.54
2026-07-02,AUD,57.98
2026-07-03,USD,92.28
2026-07-03,GBP,117.83
2026-07-03,INR,1.0
2026-07-03,EUR,101.46
2026-07-03,CAD,65.03
2026-07-03,AUD,58.19
2026-07-04,USD,92.44
2026-07-04,GBP,118.28
2026-07-04,INR,1.0
2026-07-04,EUR,104.87
2026-07-04,CAD,62.83
2026-07-04,AUD,58.01
2026-07-05,USD,92.24
2026-07-05,GBP,120.82
2026-07-05,INR,1.0
2026-07-05,EUR,102.69
2026-07-05,CAD,63.78
2026-07-05,AUD,57.75
2026-07-06,USD,91.31
2026-07-06,GBP,119.69
2026-07-06,INR,1.0
2026-07-06,EUR,104.56
2026-07-06,CAD,65.03
2026-07-06,AUD,57.09
2026-07-07,USD,92.31
2026-07-07,GBP,117.15
2026-07-07,INR,1.0
2026-07-07,EUR,103.65
2026-07-07,CAD,64.97
2026-07-07,AUD,57.78
2026-07-08,USD,90.25
2026-07-08,GBP,117.46
2026-07-08,INR,1.0
2026-07-08,EUR,102.35
2026-07-08,CAD,62.89
2026-07-08,AUD,58.31
2026-07-09,USD,89.41
2026-07-09,GBP,118.51
2026-07-09,INR,1.0
2026-07-09,EUR,101.02
2026-07-09,CAD,65.08
2026-07-09,AUD,57.7
2026-07-10,USD,90.66
2026-07-10,GBP,118.7
2026-07-10,INR,1.0
2026-07-10,EUR,102.22
2026-07-10,CAD,63.14
2026-07-10,AUD,58.55
2026-07-11,USD,89.68
2026-07-11,GBP,116.98
2026-07-11,INR,1.0
2026-07-11,EUR,101.99
2026-07-11,CAD,65.24
2026-07-11,AUD,59.04
2026-07-12,USD,92.61
2026-07-12,GBP,118.7
2026-07-12,INR,1.0
2026-07-12,EUR,104.1
2026-07-12,CAD,63.37
2026-07-12,AUD,57.8
2026-07-13,USD,90.08
2026-07-13,GBP,121.37
2026-07-13,INR,1.0
2026-07-13,EUR,102.19
2026-07-13,CAD,63.05
2026-07-13,AUD,56.96
2026-07-14,USD,89.22
2026-07-14,GBP,117.36
2026-07-14,INR,1.0
2026-07-14,EUR,102.76
2026-07-14,CAD,63.86
2026-07-14,AUD,57.89
2026-07-15,USD,91.59
2026-07-15,GBP,117.88
2026-07-15,INR,1.0
2026-07-15,EUR,101.81
2026-07-15,CAD,63.2
2026-07-15,AUD,58.83
2026-07-16,USD,89.68
2026-07-16,GBP,121.03
2026-07-16,INR,1.0
2026-07-16,EUR,101.04
2026-07-16,CAD,63.72
2026-07-16,AUD,58.23
2026-07-17,USD,90.16
2026-07-17,GBP,119.95
2026-07-17,INR,1.0
2026-07-17,EUR,101.49
2026-07-17,CAD,63.83
2026-07-17,AUD,57.79
2026-07-18,USD,90.12
2026-07-18,GBP,117.02
2026-07-18,INR,1.0
2026-07-18,EUR,101.96
2026-07-18,CAD,63.58
2026-07-18,AUD,58.52
2026-07-19,USD,89.59
2026-07-19,GBP,118.61
2026-07-19,INR,1.0
2026-07-19,EUR,102.36
2026-07-19,CAD,64.36
2026-07-19,AUD,58.15
2026-07-20,USD,89.77
2026-07-20,GBP,117.44
2026-07-20,INR,1.0
2026-07-20,EUR,102.66
2026-07-20,CAD,63.26
2026-07-20,AUD,58.54
2026-07-21,USD,90.58
2026-07-21,GBP,120.06
2026-07-21,INR,1.0
2026-07-21,EUR,104.14
2026-07-21,CAD,64.87
2026-07-21,AUD,57.57
2026-07-22,USD,92.49
2026-07-22,GBP,119.95
2026-07-22,INR,1.0
2026-07-22,EUR,103.54
2026-07-22,CAD,63.63
2026-07-22,AUD,58.16
2026-07-23,USD,92.17
2026-07-23,GBP,121.16
2026-07-23,INR,1.0
2026-07-23,EUR,102.94
2026-07-23,CAD,64.52
2026-07-23,AUD,58.33
2026-07-24,USD,90.74
2026-07-24,GBP,121.26
2026-07-24,INR,1.0
2026-07-24,EUR,103.05
2026-07-24,CAD,63.48
2026-07-24,AUD,57.8
2026-07-25,USD,90.5
2026-07-25,GBP,118.3
2026-07-25,INR,1.0
2026-07-25,EUR,104.06
2026-07-25,CAD,63.33
2026-07-25,AUD,57.97
2026-07-26,USD,89.82
2026-07-26,GBP,120.44
2026-07-26,INR,1.0
2026-07-26,EUR,102.75
2026-07-26,CAD,63.51
2026-07-26,AUD,57.24
2026-07-27,USD,92.75
2026-07-27,GBP,117.48
2026-07-27,INR,1.0
2026-07-27,EUR,101.1
2026-07-27,CAD,64.81
2026-07-27,AUD,58.3
2026-07-28,USD,92.81
2026-07-28,GBP,119.19
2026-07-28,INR,1.0
2026-07-28,EUR,103.62
2026-07-28,CAD,64.65
2026-07-28,AUD,59.13
2026-07-29,USD,90.51
2026-07-29,GBP,120.44
2026-07-29,INR,1.0
2026-07-29,EUR,103.09
2026-07-29,CAD,63.64
2026-07-29,AUD,58.69
2026-07-30,USD,91.14
2026-07-30,GBP,117.59
2026-07-30,INR,1.0
2026-07-30,EUR,103.57
2026-07-30,CAD,63.21
2026-07-30,AUD,57.41
2026-07-31,USD,92.4
2026-07-31,GBP,120.15
2026-07-31,INR,1.0
2026-07-31,EUR,101.39
2026-07-31,CAD,63.59
2026-07-31,AUD,58.76
2026-08-01,USD,89.45
2026-08-01,GBP,118.58
2026-08-01,INR,1.0
2026-08-01,EUR,102.13
2026-08-01,CAD,64.46
2026-08-01,AUD,58.71
2026-08-02,USD,91.37
2026-08-02,GBP,121.12
2026-08-02,INR,1.0
2026-08-02,EUR,105.03
2026-08-02,CAD,64.94
2026-08-02,AUD,58.47
2026-08-03,USD,90.85
2026-08-03,GBP,117.6
2026-08-03,INR,1.0
2026-08-03,EUR,101.2
2026-08-03,CAD,64.59
2026-08-03,AUD,57.14
2026-08-04,USD,89.63
2026-08-04,GBP,117.52
2026-08-04,INR,1.0
2026-08-04,EUR,103.46
2026-08-04,CAD,65.03
2026-08-04,AUD,57.62
2026-08-05,USD,90.87
2026-08-05,GBP,118.74
2026-08-05,INR,1.0
2026-08-05,EUR,104.36
2026-08-05,CAD,64.8
2026-08-05,AUD,57.65
2026-08-06,USD,91.73
2026-08-06,GBP,121.1
2026-08-06,INR,1.0
2026-08-06,EUR,104.94
2026-08-06,CAD,62.97
2026-08-06,AUD,58.62
2026-08-07,USD,92.41
2026-08-07,GBP,120.81
2026-08-07,INR,1.0
2026-08-07,EUR,101.22
2026-08-07,CAD,65.25
2026-08-07,AUD,57.43
2026-08-08,USD,91.6
2026-08-08,GBP,120.04
2026-08-08,INR,1.0
2026-08-08,EUR,101.64
2026-08-08,CAD,63.91
2026-08-08,AUD,58.27
2026-08-09,USD,92.21
2026-08-09,GBP,118.32
2026-08-09,INR,1.0
2026-08-09,EUR,103.46
2026-08-09,CAD,64.87
2026-08-09,AUD,58.88
2026-08-10,USD,89.74
2026-08-10,GBP,120.34
2026-08-10,INR,1.0
2026-08-10,EUR,102.83
2026-08-10,CAD,62.91
2026-08-10,AUD,57.74
2026-08-11,USD,89.29
2026-08-11,GBP,118.25
2026-08-11,INR,1.0
2026-08-11,EUR,100.98
2026-08-11,CAD,64.54
2026-08-11,AUD,58.56
